{
  "project_info": {
    "project_number": "561130407851",
    "firebase_url": "https://deconattendance.firebaseio.com",
    "project_id": "deconattendance",
    "storage_bucket": "deconattendance.appspot.com"
  },
  "client": [
    {
      "client_info": {
        "mobilesdk_app_id": "1:561130407851:android:d024c7b886a210ac",
        "android_client_info": {
          "package_name": "com.deconglobalsolutions.attendance.deconattendance"
        }
      },
      "oauth_client": [
        {
          "client_id": "561130407851-2q9ki3q0ub9n1ck8e6mkbdiv4d9jndko.apps.googleusercontent.com",
          "client_type": 3
        }
      ],
      "api_key": [
        {
          "current_key": "AIzaSyBPSjzoD-1kJeXpi-GxisMf9m2WEMM2y7A"
        }
      ],
      "services": {
        "analytics_service": {
          "status": 1
        },
        "appinvite_service": {
          "status": 1,
          "other_platform_oauth_client": []
        },
        "ads_service": {
          "status": 2
        }
      }
    }
  ],
  "configuration_version": "1"
}